Day,Open,High,Low,Close,Adj Close,Volume
1,222.869995,223.250000,213.259995,219.309998,219.309998,4764400
2,214.550003,216.500000,207.160004,210.089996,210.089996,5368500
3,210.059998,214.199997,204.210007,211.279999,211.279999,6261900
4,213.350006,214.779999,209.779999,210.949997,210.949997,2968400
5,212.809998,213.800003,210.009995,210.619995,210.619995,3442500
6,208.919998,209.979996,204.960007,206.660004,206.660004,4668300
7,203.050003,204.470001,199.250000,202.210007,202.210007,5950300
8,203.320007,207.610001,200.910004,204.250000,204.250000,4477300
9,185.830002,195.199997,185.000000,192.690002,192.690002,11551900
10,194.490005,195.750000,190.000000,191.869995,191.869995,5216500
11,190.699997,194.490005,189.649994,193.070007,193.070007,3603200
12,193.869995,194.119995,187.039993,191.929993,191.929993,4503200
13,189.550003,198.679993,189.509995,196.570007,196.570007,4153000
14,197.000000,203.240005,195.199997,201.619995,201.619995,4116900
15,200.289993,203.500000,198.330002,201.289993,201.289993,3438600
16,201.830002,208.619995,201.050003,206.550003,206.550003,3234500
17,204.419998,208.029999,203.300003,205.979996,205.979996,2781000
18,206.110001,206.369995,198.419998,199.369995,199.369995,3149600
19,201.070007,205.979996,196.500000,205.199997,205.199997,3548100
20,203.960007,207.470001,203.000000,203.600006,203.600006,3007000
21,203.970001,211.949997,203.300003,210.940002,210.940002,4149200
22,213.220001,220.369995,211.270004,218.360001,218.360001,4826200
23,218.289993,221.479996,216.800003,218.550003,218.550003,3305400
24,219.880005,225.479996,219.639999,220.990005,220.990005,3522900
25,222.000000,223.399994,216.500000,217.360001,217.360001,3243900
26,215.380005,217.929993,211.990005,217.479996,217.479996,3472400
27,217.550003,220.500000,215.000000,216.289993,216.289993,5390500
28,212.210007,214.740005,207.279999,212.800003,212.800003,9769100
29,193.570007,203.089996,193.279999,202.880005,202.880005,15649600
30,202.899994,205.990005,200.910004,203.770004,203.770004,6191000
31,205.699997,205.699997,201.500000,204.350006,204.350006,3979600
32,204.169998,206.169998,202.600006,204.460007,204.460007,2713600
33,205.000000,212.440002,203.750000,211.710007,211.710007,5154100
34,210.779999,217.600006,209.809998,217.110001,217.110001,5982100
35,215.660004,218.199997,206.330002,207.339996,207.339996,8499800
36,207.289993,207.289993,201.699997,204.110001,204.110001,6603600
37,204.940002,207.139999,202.580002,203.759995,203.759995,3909500
38,204.000000,211.089996,202.220001,207.190002,207.190002,6472900
39,206.899994,208.550003,202.800003,203.339996,203.339996,3882100
40,202.699997,203.339996,195.830002,197.330002,197.330002,7922100
41,196.809998,200.240005,195.320007,199.559998,199.559998,4432300
42,199.250000,202.520004,197.210007,202.440002,202.440002,4222000
43,202.850006,206.190002,200.149994,200.630005,200.630005,4877000
44,199.210007,200.750000,192.149994,193.880005,193.880005,6712400
45,194.389999,194.490005,188.250000,190.880005,190.880005,6736700
46,188.460007,193.500000,187.600006,190.320007,190.320007,5579700
47,191.149994,196.179993,191.009995,193.740005,193.740005,4974900
48,193.750000,194.449997,189.750000,191.070007,191.070007,4149300
49,188.949997,191.750000,187.320007,188.679993,188.679993,5434300
50,192.000000,195.910004,189.800003,195.699997,195.699997,5628800
51,195.429993,198.710007,193.940002,194.729996,194.729996,4894100
52,194.960007,200.880005,193.110001,200.710007,200.710007,4820900
53,202.000000,204.589996,194.529999,195.649994,195.649994,8475200
54,197.449997,198.990005,195.619995,198.080002,198.080002,4269500
55,198.500000,200.500000,197.470001,199.630005,199.630005,2631600
56,201.580002,203.789993,199.750000,201.720001,201.720001,3649900
57,198.270004,198.589996,192.699997,194.300003,194.300003,5730400
58,193.919998,194.789993,189.699997,190.410004,190.410004,4128000
59,189.070007,189.289993,181.399994,185.000000,185.000000,8604900
60,185.850006,192.250000,181.800003,190.570007,190.570007,10089500
61,193.529999,193.759995,188.410004,188.770004,188.770004,5026600
62,188.699997,192.300003,186.050003,187.589996,187.589996,3794600
63,190.229996,193.229996,190.000000,191.000000,191.000000,5010400
64,198.000000,207.750000,197.500000,203.100006,203.100006,12455800
65,202.509995,205.059998,201.139999,203.250000,203.250000,4347900
66,208.199997,210.899994,205.869995,207.669998,207.669998,6303100
67,208.429993,210.369995,206.119995,210.089996,210.089996,3800200
68,209.850006,211.649994,209.000000,210.899994,210.899994,4067700
69,210.440002,213.000000,209.050003,209.779999,209.779999,3758200
70,208.570007,209.490005,205.500000,207.460007,207.460007,3026000
71,207.460007,209.589996,206.600006,207.830002,207.830002,1952400
72,207.699997,209.169998,206.289993,206.699997,206.699997,1659100
73,204.990005,206.880005,203.500000,206.789993,206.789993,2469900
74,206.779999,207.850006,203.850006,205.270004,205.270004,2559300
75,205.800003,210.750000,204.309998,209.410004,209.410004,3432500
76,212.500000,221.880005,211.690002,219.440002,219.440002,7863000
77,218.270004,221.479996,217.149994,218.600006,218.600006,4411200
78,220.500000,220.800003,218.009995,218.429993,218.429993,2427800
79,222.559998,238.750000,222.000000,231.550003,231.550003,11672600
80,234.750000,235.500000,228.029999,230.479996,230.479996,6085400
81,230.050003,234.970001,227.630005,232.449997,232.449997,3936100
82,230.389999,232.889999,225.169998,226.050003,226.050003,3911900
83,229.940002,231.770004,220.410004,226.029999,226.029999,5281700
84,228.179993,234.729996,227.110001,230.509995,230.509995,4434600
85,237.759995,239.500000,229.130005,232.949997,232.949997,5796900
86,234.100006,234.470001,228.199997,230.429993,230.429993,5270900
87,221.000000,237.479996,220.250000,236.800003,236.800003,9455900
88,235.990005,238.410004,233.699997,236.610001,236.610001,4668200
89,236.289993,242.880005,235.309998,239.490005,239.490005,5672300
90,240.110001,246.350006,238.190002,244.740005,244.740005,6363400
91,247.610001,248.300003,242.250000,243.179993,243.179993,5440200
92,244.820007,244.889999,241.250000,244.100006,244.100006,2895900
93,243.929993,249.399994,242.500000,248.839996,248.839996,4527600
94,247.000000,249.899994,246.000000,248.750000,248.750000,3353200
95,248.429993,251.000000,246.149994,247.139999,247.139999,3674200
96,247.130005,247.740005,241.369995,244.350006,244.350006,3755600
97,243.029999,246.619995,242.360001,245.619995,245.619995,1970600
98,245.380005,248.600006,245.009995,247.729996,247.729996,2223100
99,247.679993,252.000000,246.500000,247.460007,247.460007,3498700
100,248.509995,249.500000,245.550003,247.429993,247.429993,3408200
101,247.029999,251.800003,245.050003,251.449997,251.449997,3647300
102,251.000000,252.869995,249.429993,250.800003,250.800003,3789300
103,251.410004,251.600006,247.470001,249.449997,249.449997,2505100
104,248.919998,249.399994,246.300003,248.350006,248.350006,2134800
105,248.199997,250.720001,247.009995,248.990005,248.990005,1781500
106,247.500000,249.300003,245.710007,245.919998,245.919998,2453600
107,246.000000,249.699997,245.679993,249.139999,249.139999,3022000
108,250.850006,258.750000,250.309998,256.290009,256.290009,5017000
109,255.399994,257.739990,254.139999,256.000000,256.000000,2611100
110,251.899994,254.000000,248.500000,250.699997,250.699997,3454500
111,253.259995,254.369995,250.429993,251.410004,251.410004,2044100
112,250.210007,253.460007,250.210007,250.690002,250.690002,1422300
113,249.699997,251.279999,246.009995,250.380005,250.380005,2186200
114,250.130005,253.440002,249.100006,253.119995,253.119995,1984700
115,252.169998,264.359985,252.020004,260.410004,260.410004,5512900
116,262.000000,263.459991,260.019989,261.890015,261.890015,2782700
117,262.399994,263.799988,260.100006,262.510010,262.510010,2463000
118,262.149994,264.399994,255.690002,259.790009,259.790009,4561100
119,260.320007,268.000000,258.570007,267.670013,267.670013,3870800
120,266.980011,267.350006,263.720001,265.170013,265.170013,2412300
121,266.450012,271.410004,265.250000,268.790009,268.790009,2849200
122,268.890015,269.109985,266.000000,267.089996,267.089996,3838400
123,261.950012,265.950012,260.700012,262.019989,262.019989,3478900
124,264.799988,270.920013,264.000000,268.260010,268.260010,3086900
125,271.109985,272.619995,267.850006,269.149994,269.149994,2101200
126,280.200012,282.450012,273.309998,280.019989,280.019989,7163900
127,278.880005,281.690002,276.299988,279.720001,279.720001,4121900
128,275.000000,275.200012,260.769989,267.880005,267.880005,6105100
129,259.320007,260.799988,254.309998,254.960007,254.960007,6221100
130,259.079987,262.950012,256.790009,257.920013,257.920013,3334100
131,262.220001,263.000000,257.820007,259.149994,259.149994,2610900
132,262.250000,262.549988,256.049988,262.160004,262.160004,2960300
133,262.100006,265.989990,260.510010,265.649994,265.649994,1907600
134,266.739990,267.489990,262.079987,263.140015,263.140015,2021600
135,264.220001,267.200012,263.160004,266.679993,266.679993,1616000
136,272.500000,275.540009,268.250000,274.660004,274.660004,5004100
137,275.000000,286.649994,272.540009,282.260010,282.260010,4978500
138,270.049988,273.500000,266.549988,266.769989,266.769989,6108700
139,261.269989,269.440002,260.859985,267.869995,267.869995,3105000
140,269.649994,269.899994,265.269989,267.200012,267.200012,2227200
141,267.380005,271.089996,263.920013,265.410004,265.410004,2836500
142,262.429993,264.429993,250.789993,253.009995,253.009995,4694200
143,255.750000,265.399994,251.839996,264.820007,264.820007,3895800
144,264.269989,267.890015,262.000000,263.820007,263.820007,2790100
145,262.690002,266.940002,262.109985,266.790009,266.790009,2034600
146,267.600006,269.359985,265.119995,266.149994,266.149994,2222600
147,266.290009,266.709991,257.070007,259.989990,259.989990,2553500
148,260.010010,266.720001,258.339996,266.279999,266.279999,2352500
149,263.579987,271.000000,260.399994,270.130005,270.130005,6214300
150,249.539993,255.000000,236.119995,246.130005,246.130005,14623800
151,243.580002,243.729996,238.389999,242.509995,242.509995,5073400
152,238.149994,242.970001,236.050003,241.139999,241.139999,4185900
153,237.149994,239.300003,234.440002,237.369995,237.369995,4264900
154,235.000000,239.770004,232.740005,238.169998,238.169998,3728000
155,239.860001,246.479996,239.119995,242.509995,242.509995,4689200
156,247.240005,247.929993,241.770004,243.149994,243.149994,4364800
157,255.559998,256.589996,250.509995,254.990005,254.990005,7176700
158,255.380005,260.950012,253.559998,260.720001,260.720001,4195000
159,260.329987,260.649994,255.020004,255.250000,255.250000,3604300
160,252.059998,254.559998,241.899994,242.179993,242.179993,4905800
161,236.000000,243.800003,230.509995,230.770004,230.770004,6590200
162,202.789993,231.399994,195.000000,218.869995,218.869995,9581600
163,230.520004,230.899994,219.119995,220.029999,220.029999,4327300
164,227.929993,228.000000,215.509995,224.839996,224.839996,4963000
165,231.000000,244.750000,230.809998,242.990005,242.990005,7656000
166,241.860001,251.449997,241.570007,248.479996,248.479996,5513700
167,245.619995,254.949997,245.509995,249.059998,249.059998,4700200
168,240.339996,246.000000,236.970001,238.630005,238.630005,5454800
169,245.300003,247.880005,239.779999,247.690002,247.690002,4629200
170,252.059998,252.080002,245.000000,245.570007,245.570007,4194800
171,240.889999,244.089996,238.199997,241.929993,241.929993,3689200
172,245.050003,249.160004,244.050003,248.169998,248.169998,3138200
173,252.050003,254.250000,248.300003,248.910004,248.910004,3390800
174,247.229996,250.720001,245.330002,248.479996,248.479996,2709000
175,247.639999,250.240005,244.729996,250.240005,250.240005,2350800
176,251.100006,254.250000,249.669998,253.190002,253.190002,2890900
177,252.750000,254.600006,249.500000,253.570007,253.570007,2933500
178,253.039993,262.880005,252.880005,262.250000,262.250000,4417100
179,263.959991,265.500000,260.690002,262.070007,262.070007,3585800
180,257.959991,263.820007,257.500000,260.619995,260.619995,3763100
181,263.980011,271.570007,255.800003,264.200012,264.200012,6120200
182,259.029999,262.649994,255.869995,260.940002,260.940002,3664400
183,261.950012,262.079987,257.579987,261.059998,261.059998,2600800
184,259.529999,263.450012,256.209991,263.119995,263.119995,3448200
185,266.609985,266.910004,256.149994,256.910004,256.910004,3773400
186,257.350006,259.790009,246.610001,248.429993,248.429993,4901100
187,250.460007,254.729996,245.460007,246.649994,246.649994,3703200
188,252.000000,252.399994,242.339996,248.399994,248.399994,4929600
189,247.509995,248.500000,237.130005,239.880005,239.880005,4573000
190,235.600006,247.699997,234.929993,247.570007,247.570007,4424000
191,248.839996,249.839996,244.130005,246.149994,246.149994,3689900
192,240.000000,243.029999,235.580002,241.460007,241.460007,5225200
193,236.630005,237.699997,229.119995,231.960007,231.960007,6814000
194,230.080002,230.720001,221.309998,226.720001,226.720001,6133200
195,220.929993,224.369995,218.360001,220.690002,220.690002,6158400
196,222.990005,223.000000,215.270004,215.580002,215.580002,3836300
197,213.279999,222.520004,211.130005,219.250000,219.250000,5171500
198,220.669998,220.949997,215.429993,216.880005,216.880005,3104400
199,216.429993,221.729996,213.699997,221.309998,221.309998,2844200
200,223.039993,230.479996,222.869995,227.009995,227.009995,4334500
201,226.500000,231.149994,224.940002,228.100006,228.100006,2507900
202,227.720001,228.600006,202.000000,213.029999,213.029999,14900000
203,211.990005,214.809998,208.800003,210.089996,210.089996,4151500
204,211.559998,215.750000,209.399994,211.720001,211.720001,2825200
205,215.000000,215.350006,207.690002,209.089996,209.089996,4235500
206,211.380005,215.880005,210.000000,215.259995,215.259995,3391400
207,214.839996,217.100006,207.509995,210.350006,210.350006,3519400
208,211.309998,213.449997,208.300003,212.960007,212.960007,2728600
209,211.750000,213.750000,210.639999,211.630005,211.630005,1805000
210,210.399994,211.630005,203.889999,206.929993,206.929993,4438900
211,208.919998,215.800003,207.220001,213.789993,213.789993,3927900
212,213.850006,214.440002,207.750000,208.350006,208.350006,8332500
213,227.000000,232.740005,225.199997,231.630005,231.630005,12726400
214,230.580002,234.580002,229.190002,231.770004,231.770004,4496800
215,230.699997,233.360001,229.500000,232.360001,232.360001,2445300
216,232.990005,232.990005,224.309998,225.330002,225.330002,3850900
217,223.479996,223.699997,216.080002,216.500000,216.500000,4617000
218,217.770004,219.479996,213.630005,219.080002,219.080002,3347800
219,217.850006,219.000000,212.660004,212.940002,212.940002,2915900
220,212.949997,212.990005,206.520004,207.190002,207.190002,3430300
221,206.089996,214.979996,205.800003,214.309998,214.309998,2925400
222,215.199997,216.000000,211.399994,214.000000,214.000000,2148700
223,214.500000,221.380005,212.520004,221.070007,221.070007,2811900
224,220.539993,226.190002,220.300003,221.800003,221.800003,2504400
225,223.490005,225.000000,213.580002,220.009995,220.009995,4400700
226,217.350006,219.179993,214.679993,217.750000,217.750000,2526200
227,215.369995,221.000000,215.000000,218.250000,218.250000,2480300
228,221.339996,230.830002,220.380005,229.639999,229.639999,3990800
229,231.059998,232.250000,227.009995,231.610001,231.610001,1949400
230,231.789993,234.279999,229.080002,230.259995,230.259995,2659800
231,231.059998,238.000000,231.050003,237.190002,237.190002,3734000
232,237.000000,238.600006,231.229996,231.990005,231.990005,2981500
233,235.479996,237.449997,230.000000,232.710007,232.710007,2939600
234,232.460007,233.270004,227.660004,230.380005,230.380005,2573600
235,227.699997,235.630005,226.149994,231.130005,231.130005,3144200
236,227.520004,228.800003,224.199997,226.720001,226.720001,2687600
237,226.699997,227.500000,220.720001,224.520004,224.520004,3057800
238,224.710007,228.490005,223.639999,227.070007,227.070007,2071700
239,225.240005,225.750000,216.639999,217.020004,217.020004,3268700
240,217.509995,220.919998,214.869995,218.580002,218.580002,2827100
241,221.820007,222.220001,218.000000,221.089996,221.089996,2244400
242,222.100006,234.880005,220.729996,234.509995,234.509995,5104300
243,233.940002,237.759995,229.809998,233.389999,233.389999,3298600
244,232.889999,235.899994,229.289993,230.460007,230.460007,3014200
245,231.690002,235.830002,231.080002,232.559998,232.559998,1953200
246,234.990005,236.550003,229.630005,229.949997,229.949997,1961500
247,232.179993,233.449997,228.130005,229.699997,229.699997,1555000
248,230.559998,231.880005,228.279999,230.570007,230.570007,708000
249,231.490005,231.979996,225.539993,228.949997,228.949997,1901300
250,230.059998,237.720001,229.550003,237.190002,237.190002,2406300
251,236.600006,243.630005,235.669998,238.089996,238.089996,3697900
252,238.509995,243.449997,238.369995,240.009995,240.009995,2715000
253,230.720001,231.380005,219.000000,223.410004,223.410004,6827100
254,226.360001,226.889999,220.000000,223.429993,223.429993,3186800
255,220.000000,220.050003,215.979996,219.039993,219.039993,3779100
256,214.190002,218.440002,213.669998,215.649994,215.649994,3554300
257,217.860001,220.440002,210.770004,211.000000,211.000000,3628100
258,214.009995,214.449997,203.000000,207.850006,207.850006,4091400
259,211.600006,213.740005,205.309998,209.970001,209.970001,3091900
260,212.009995,212.649994,200.000000,200.309998,200.309998,4126400
261,202.210007,210.000000,193.380005,206.179993,206.179993,6490700
262,198.970001,205.070007,197.250000,204.990005,204.990005,5578600
263,208.710007,210.470001,200.779999,204.720001,204.720001,4038700
264,199.399994,201.279999,191.250000,198.699997,198.699997,5838600
265,201.550003,203.229996,195.020004,199.970001,199.970001,3166200
266,204.800003,205.500000,199.029999,202.550003,202.550003,3124100
267,200.059998,203.570007,195.880005,196.380005,196.380005,2698700
268,196.699997,197.820007,188.880005,193.559998,193.559998,4964200
269,192.380005,193.259995,185.770004,188.070007,188.070007,3617200
270,190.789993,191.279999,182.410004,189.699997,189.699997,4592800
271,189.949997,193.740005,188.080002,191.199997,191.199997,2852300
272,188.759995,199.520004,182.750000,196.940002,196.940002,5297600
273,192.419998,193.119995,180.229996,182.779999,182.779999,5773600
274,183.589996,183.940002,170.179993,173.479996,173.479996,7931400
275,170.699997,175.979996,166.990005,175.330002,175.330002,4385400
276,171.300003,173.000000,157.740005,162.600006,162.600006,9437600
277,157.100006,157.149994,146.000000,147.990005,147.990005,9313000
278,142.320007,159.789993,141.050003,148.250000,148.250000,8651600
279,150.500000,154.970001,141.740005,143.669998,143.669998,10406500
280,152.000000,163.259995,147.000000,150.470001,150.470001,14252400
281,155.000000,157.009995,143.699997,151.039993,151.039993,7235800
282,158.699997,162.949997,154.110001,155.169998,155.169998,5593800
283,159.000000,169.339996,156.679993,168.679993,168.679993,5825200
284,172.419998,172.949997,164.770004,166.770004,166.770004,3887600
285,163.660004,167.490005,162.500000,166.580002,166.580002,2959400
286,170.119995,178.910004,169.850006,177.740005,177.740005,5060100
287,176.160004,181.729996,173.679993,177.210007,177.210007,5984400
288,172.750000,179.500000,167.839996,179.000000,179.000000,5395600
289,178.649994,188.520004,175.199997,187.429993,187.429993,5750700
290,188.699997,192.000000,185.000000,190.339996,190.339996,6065100
291,192.399994,196.350006,189.220001,191.929993,191.929993,4499000
292,194.250000,195.949997,182.699997,186.350006,186.350006,6712200
293,183.729996,188.520004,181.500000,188.339996,188.339996,4862400
294,188.279999,197.419998,184.220001,195.740005,195.740005,4829000
295,198.000000,204.029999,197.500000,201.039993,201.039993,6489100
296,197.679993,209.699997,197.399994,205.289993,205.289993,5329400
297,203.500000,207.500000,202.199997,202.600006,202.600006,4178700
298,204.520004,209.369995,202.789993,208.720001,208.720001,3208600
299,210.000000,213.289993,200.669998,205.179993,205.179993,5192500
300,207.929993,209.419998,205.330002,207.500000,207.500000,3343100
301,212.649994,216.720001,210.639999,215.149994,215.149994,4065700
302,214.270004,218.970001,211.500000,218.339996,218.339996,3180500
303,218.000000,222.580002,217.020004,221.929993,221.929993,3516700
304,221.470001,228.500000,220.000000,226.380005,226.380005,3782900
305,229.100006,234.479996,228.059998,232.740005,232.740005,4711800
306,235.339996,239.880005,235.000000,238.320007,238.320007,5307800
307,237.210007,238.990005,232.559998,234.240005,234.240005,4316000
308,232.369995,234.729996,222.029999,222.580002,222.580002,4948800
309,215.779999,228.889999,215.000000,227.750000,227.750000,4960900
310,231.610001,234.809998,225.000000,230.259995,230.259995,3925700
311,229.889999,232.380005,225.330002,230.130005,230.130005,4014300
312,235.089996,235.500000,226.500000,226.889999,226.889999,4033000
313,229.339996,237.419998,225.009995,229.770004,229.770004,8012900
314,244.830002,247.899994,233.250000,237.589996,237.589996,15997500
315,249.119995,252.119995,243.639999,246.990005,246.990005,13475300
316,240.500000,256.559998,240.000000,255.470001,255.470001,9948700
317,253.970001,267.739990,253.449997,265.420013,265.420013,11705500
318,266.450012,269.339996,254.509995,257.200012,257.200012,8856200
319,260.500000,260.820007,248.020004,250.070007,250.070007,7363900
320,251.000000,258.989990,245.300003,249.919998,249.919998,9161700
321,249.500000,251.800003,243.630005,247.820007,247.820007,5763200
322,248.509995,255.500000,247.330002,254.529999,254.529999,4925600
323,253.000000,256.839996,251.050003,251.860001,251.860001,4132200
324,251.309998,254.600006,249.119995,254.509995,254.509995,3752400
325,252.229996,258.309998,251.660004,253.880005,253.880005,4271400
326,253.119995,254.369995,241.250000,247.369995,247.369995,6357500
327,246.259995,253.660004,241.500000,249.970001,249.970001,5194100
328,248.990005,250.899994,246.910004,248.289993,248.289993,2783100
329,248.889999,254.000000,245.710007,253.750000,253.750000,3786300
330,253.009995,257.380005,250.759995,251.820007,251.820007,3670300
331,252.050003,255.729996,249.389999,253.740005,253.740005,3223800
332,252.750000,255.000000,249.399994,251.470001,251.470001,3205800
333,249.850006,253.429993,247.440002,247.710007,247.710007,2519000
334,248.139999,248.429993,237.809998,240.759995,240.759995,5413800
335,241.500000,243.190002,234.820007,241.800003,241.800003,3843900
336,237.360001,238.910004,231.619995,232.320007,232.320007,4302200
337,230.289993,234.460007,220.399994,222.559998,222.559998,8700500
338,228.460007,228.639999,209.789993,211.529999,211.529999,11254800
339,210.869995,216.369995,208.110001,214.929993,214.929993,5685200
340,215.720001,216.149994,206.800003,208.919998,208.919998,4776400
341,207.550003,209.470001,205.000000,208.690002,208.690002,4070600
342,207.589996,215.479996,206.050003,208.960007,208.960007,5161900
343,211.440002,211.669998,203.660004,207.279999,207.279999,3650500
344,207.779999,211.199997,206.699997,207.610001,207.610001,2822800
345,208.149994,213.149994,207.919998,208.289993,208.289993,2949400
346,209.050003,209.820007,204.020004,204.660004,204.660004,2843600
347,209.149994,215.309998,207.750000,211.169998,211.169998,5617500
348,213.619995,216.789993,207.300003,215.210007,215.210007,6866300
349,216.990005,220.550003,216.350006,220.279999,220.279999,9007100
350,219.869995,222.600006,215.860001,216.220001,216.220001,5102500
351,216.600006,218.740005,215.179993,217.910004,217.910004,3013800
352,217.910004,221.360001,216.509995,219.580002,219.580002,3126800
353,220.500000,225.259995,219.050003,225.119995,225.119995,4072400
354,224.990005,225.929993,220.750000,223.039993,223.039993,3650300
355,223.039993,224.750000,221.500000,223.229996,223.229996,2789000
356,221.479996,222.399994,216.889999,219.559998,219.559998,2982700
357,219.589996,219.910004,217.110001,218.960007,218.960007,2032800
358,220.000000,221.940002,218.009995,218.990005,218.990005,2229000
359,218.000000,220.899994,215.449997,220.679993,220.679993,2249500
360,222.240005,234.440002,221.520004,232.339996,232.339996,6213600
361,233.800003,240.850006,232.610001,235.520004,235.520004,5972000
362,234.979996,235.330002,227.059998,229.360001,229.360001,4492100
363,227.389999,227.970001,218.419998,218.789993,218.789993,6026600
364,219.500000,225.770004,217.660004,217.869995,217.869995,4193000
365,218.880005,222.199997,212.529999,214.960007,214.960007,3580200
366,216.949997,221.899994,215.130005,217.699997,217.699997,2908500
367,217.419998,218.039993,213.500000,217.929993,217.929993,2440300
368,217.809998,219.990005,214.500000,215.470001,215.470001,3112600
369,219.500000,223.750000,218.229996,219.699997,219.699997,3555500
370,220.679993,222.570007,218.809998,219.610001,219.610001,4529000
371,199.470001,205.949997,195.750000,196.660004,196.660004,23742400
372,195.690002,197.550003,192.130005,196.399994,196.399994,10130700
373,190.050003,195.119995,189.729996,193.149994,193.149994,7026500
374,190.860001,198.809998,187.869995,198.550003,198.550003,7205400
375,201.889999,204.050003,199.410004,201.789993,201.789993,6212400
376,205.130005,211.779999,203.000000,210.190002,210.190002,5994900
377,212.970001,213.500000,209.020004,212.279999,212.279999,4843100
378,206.139999,218.240005,206.000000,216.500000,216.500000,5400000
379,209.729996,214.539993,208.000000,213.979996,213.979996,5175300
380,210.000000,215.229996,209.000000,214.440002,214.440002,4919900
381,213.100006,218.119995,213.009995,215.940002,215.940002,3612000
382,217.800003,219.809998,214.500000,216.779999,216.779999,4074800
383,219.960007,226.779999,219.509995,224.779999,224.779999,5429800
384,224.100006,227.500000,223.220001,224.649994,224.649994,4571300
385,225.500000,225.589996,220.289993,222.529999,222.529999,3567100
386,223.119995,224.940002,221.050003,221.529999,221.529999,2675800
387,222.520004,222.750000,219.639999,220.399994,220.399994,2234200
388,219.639999,227.089996,218.300003,226.250000,226.250000,3412100
389,225.000000,229.100006,224.750000,225.259995,225.259995,3115100
390,226.470001,229.800003,225.000000,228.360001,228.360001,2568500
391,226.000000,227.850006,219.100006,220.500000,220.500000,4428700
392,221.990005,224.500000,218.880005,222.270004,222.270004,2579700
393,222.270004,231.389999,221.369995,230.009995,230.009995,4490700
394,227.690002,230.000000,225.300003,229.509995,229.509995,3430000
395,229.339996,233.360001,226.919998,228.490005,228.490005,2889000
396,227.949997,230.759995,226.600006,230.610001,230.610001,2419100
397,230.699997,235.279999,230.240005,234.789993,234.789993,3070800
398,235.500000,236.630005,229.380005,230.009995,230.009995,4016300
399,229.369995,229.869995,221.399994,227.199997,227.199997,3934400
400,227.369995,229.699997,224.210007,225.789993,225.789993,3887800
401,225.690002,230.860001,222.050003,230.610001,230.610001,4147000
402,230.000000,232.000000,227.399994,230.029999,230.029999,3205200
403,228.000000,229.600006,226.089996,226.160004,226.160004,2263600
404,226.820007,231.539993,226.649994,229.080002,229.080002,2207800
405,228.240005,229.869995,224.619995,225.649994,225.649994,2338300
406,226.169998,227.570007,223.410004,224.910004,224.910004,1880900
407,225.410004,226.649994,224.039993,225.610001,225.610001,1813500
408,226.020004,229.500000,224.929993,225.589996,225.589996,2034300
409,225.490005,227.190002,223.410004,223.610001,223.610001,2267100
410,224.330002,224.830002,222.800003,223.240005,223.240005,1787100
411,223.820007,225.660004,222.289993,223.509995,223.509995,1714500
412,223.539993,225.169998,222.529999,225.000000,225.000000,1659500
413,224.169998,225.110001,222.679993,222.929993,222.929993,2065500
414,224.320007,228.490005,222.800003,224.839996,224.839996,4784400
415,227.050003,227.149994,222.220001,222.619995,222.619995,2570700
416,223.110001,223.800003,220.770004,220.960007,220.960007,1762500
417,222.139999,222.860001,218.820007,219.990005,219.990005,2239000
418,220.149994,220.399994,215.000000,215.199997,215.199997,3266300
419,216.110001,216.110001,210.520004,211.339996,211.339996,3168900
420,210.429993,212.600006,208.649994,212.009995,212.009995,3276500
421,209.009995,211.100006,200.500000,200.770004,200.770004,7943100
422,202.330002,203.199997,196.199997,197.779999,197.779999,5977400
423,199.020004,203.250000,199.000000,202.830002,202.830002,4390600
424,205.500000,206.500000,200.710007,201.710007,201.710007,3640900
425,199.550003,199.889999,196.360001,197.360001,197.360001,3377900
426,199.089996,199.919998,193.699997,194.470001,194.470001,3757000
427,195.000000,201.369995,194.100006,198.300003,198.300003,3715200
428,197.059998,198.490005,193.449997,196.050003,196.050003,3589400
429,195.750000,197.919998,194.860001,196.410004,196.410004,2254500
430,196.490005,202.520004,196.399994,200.419998,200.419998,3077200
431,200.419998,205.699997,199.000000,205.399994,205.399994,3107800
432,207.000000,209.429993,205.000000,206.339996,206.339996,2299500
433,206.850006,207.750000,203.910004,204.639999,204.639999,2410500
434,206.369995,207.000000,201.559998,205.220001,205.220001,2633500
435,206.399994,207.279999,203.000000,206.429993,206.429993,2382900
436,205.990005,210.179993,205.669998,207.449997,207.449997,2905200
437,206.500000,211.000000,206.500000,208.990005,208.990005,2394400
438,209.649994,209.979996,204.610001,205.809998,205.809998,3373200
439,207.509995,208.250000,205.259995,206.270004,206.270004,2088400
440,205.600006,207.330002,200.580002,200.699997,200.699997,2727000
441,202.210007,204.979996,199.550003,204.029999,204.029999,2586300
442,212.300003,215.669998,208.250000,213.699997,213.699997,5999900
443,213.100006,213.320007,208.820007,211.410004,211.410004,3541500
444,212.240005,213.149994,208.119995,208.460007,208.460007,1877500
445,202.460007,204.210007,200.210007,201.000000,201.000000,4703400
446,201.000000,201.320007,195.800003,196.610001,196.610001,3493000
447,201.350006,204.139999,199.660004,200.949997,200.949997,3316300
448,201.850006,202.199997,198.309998,200.100006,200.100006,2328400
449,200.949997,203.880005,200.419998,201.509995,201.509995,1970700
450,200.500000,200.899994,197.050003,200.240005,200.240005,2494600
451,200.660004,201.429993,196.300003,196.509995,196.509995,4269900
452,197.050003,198.389999,192.000000,193.960007,193.960007,4554100
453,195.990005,199.470001,193.259995,199.100006,199.100006,5680500
454,199.740005,206.660004,198.059998,203.559998,203.559998,6991200
455,202.119995,203.000000,197.050003,199.100006,199.100006,5072900
456,198.600006,201.570007,197.410004,200.089996,200.089996,2943400
457,201.000000,203.949997,200.250000,202.759995,202.759995,2751600
458,202.899994,204.690002,201.199997,202.339996,202.339996,2445000
459,201.000000,203.190002,200.100006,202.240005,202.240005,5632800
460,211.339996,213.699997,201.649994,204.009995,204.009995,13093700
461,204.000000,205.320007,199.830002,199.970001,199.970001,4280100
462,202.490005,202.490005,195.809998,197.729996,197.729996,4692300
463,198.039993,198.500000,188.110001,190.789993,190.789993,7060000
464,190.050003,192.699997,187.509995,188.020004,188.020004,4253400
465,189.000000,191.470001,187.039993,187.419998,187.419998,2653000
466,189.000000,193.460007,185.960007,190.559998,190.559998,5146000
467,193.589996,194.289993,190.050003,193.210007,193.210007,3870100
468,193.789993,197.490005,191.259995,194.940002,194.940002,3267600
469,186.880005,192.000000,183.949997,190.059998,190.059998,8173100
470,191.050003,191.610001,180.419998,185.350006,185.350006,6750300
471,184.240005,188.880005,183.000000,188.559998,188.559998,3988500
472,188.000000,188.250000,178.190002,181.449997,181.449997,6552200
473,182.779999,186.429993,182.050003,183.770004,183.770004,3902000
474,182.649994,184.729996,181.210007,183.929993,183.929993,3434400
475,183.490005,189.490005,182.110001,188.660004,188.660004,4887100
476,190.649994,193.000000,185.000000,185.020004,185.020004,5210300
477,185.039993,188.889999,184.410004,184.520004,184.520004,4361000
478,185.839996,191.470001,183.710007,191.169998,191.169998,5603400
479,190.610001,195.639999,189.000000,193.139999,193.139999,4891900
480,193.639999,197.240005,193.639999,196.649994,196.649994,2366100
481,195.479996,199.350006,194.550003,196.119995,196.119995,4529200
482,195.559998,196.729996,189.500000,189.570007,189.570007,4439300
483,191.000000,191.889999,187.500000,189.399994,189.399994,3547100
484,188.250000,188.529999,181.000000,181.880005,181.880005,5126400
485,182.880005,184.880005,180.000000,181.470001,181.470001,4042300
486,182.509995,188.889999,182.509995,186.800003,186.800003,4072200
487,185.520004,186.580002,182.679993,185.850006,185.850006,3391600
488,186.149994,193.399994,185.000000,193.149994,193.149994,5461900
489,192.050003,192.500000,189.539993,192.289993,192.289993,3194100
490,190.869995,193.839996,190.809998,192.179993,192.179993,2722500
491,192.800003,194.419998,191.179993,192.429993,192.429993,2438900
492,193.179993,201.279999,193.000000,198.149994,198.149994,6823900
493,198.740005,203.000000,196.759995,198.690002,198.690002,4150900
494,198.410004,200.740005,197.389999,197.580002,197.580002,3219600
495,198.080002,202.589996,197.600006,202.490005,202.490005,3796900
496,202.490005,204.449997,199.839996,202.729996,202.729996,3488100
497,203.050003,209.000000,202.500000,208.789993,208.789993,4689100
498,208.449997,212.229996,207.410004,207.699997,207.699997,5207600
499,208.220001,209.990005,206.500000,208.449997,208.449997,3111100
500,208.000000,213.449997,207.710007,213.339996,213.339996,4670500
501,214.880005,222.250000,214.419998,219.529999,219.529999,5915700
502,221.529999,223.800003,217.199997,219.740005,219.740005,3782500
503,218.559998,219.199997,214.119995,214.679993,214.679993,4045000
504,216.300003,217.500000,211.679993,213.690002,213.690002,4642600
505,214.860001,220.330002,210.960007,216.990005,216.990005,5923300
506,214.750000,228.000000,214.309998,226.990005,226.990005,11213500
507,226.419998,227.479996,221.949997,226.750000,226.750000,5911700
508,226.929993,230.309998,225.449997,229.009995,229.009995,5527900
509,228.970001,231.919998,228.000000,231.279999,231.279999,3979500
510,232.000000,232.000000,226.889999,229.869995,229.869995,3660000
511,229.070007,229.979996,226.679993,229.729996,229.729996,3650800
512,229.059998,230.699997,225.580002,229.589996,229.589996,3790200
513,230.000000,237.850006,229.589996,237.750000,237.750000,6093000
514,236.699997,239.960007,234.369995,235.580002,235.580002,4617500
515,236.649994,239.710007,235.580002,238.360001,238.360001,3769000
516,247.250000,248.679993,240.750000,243.759995,243.759995,7732300
517,245.460007,246.000000,243.009995,244.729996,244.729996,4204300
518,245.850006,250.889999,245.500000,248.919998,248.919998,6262900
519,250.000000,254.800003,249.649994,254.610001,254.610001,4965500
520,257.309998,258.459991,251.800003,254.470001,254.470001,5142600
521,254.289993,255.740005,250.750000,252.509995,252.509995,3152100
522,251.380005,253.000000,248.520004,252.949997,252.949997,3166300
523,252.529999,255.289993,247.100006,250.630005,250.630005,3801100
524,249.240005,255.889999,247.699997,251.929993,251.929993,4116100
525,253.050003,253.199997,249.050003,249.240005,249.240005,3958800
526,248.339996,252.419998,247.710007,251.550003,251.550003,2499800
527,251.910004,252.179993,249.679993,251.330002,251.330002,2186700
528,251.000000,257.820007,250.630005,257.769989,257.769989,3562500
529,258.190002,260.000000,256.420013,257.480011,257.480011,4244800
530,257.350006,263.359985,256.200012,262.079987,262.079987,3933000
531,266.250000,271.179993,266.149994,269.200012,269.200012,7820200
532,269.790009,270.950012,266.109985,269.230011,269.230011,3619700
533,270.739990,280.790009,270.510010,280.600006,280.600006,7029600
534,279.029999,287.390015,278.609985,280.980011,280.980011,7345200
535,280.000000,282.239990,276.440002,279.760010,279.760010,4947900
536,277.600006,280.000000,268.500000,268.950012,268.950012,7077300
537,265.799988,272.890015,264.149994,272.230011,272.230011,6257100
538,275.450012,281.399994,274.010010,277.390015,277.390015,5676700
539,280.309998,283.450012,272.600006,273.510010,273.510010,8755000
540,264.000000,264.660004,255.559998,255.990005,255.990005,14915200
541,252.660004,258.250000,250.199997,257.000000,257.000000,8171600
542,248.169998,248.360001,242.009995,246.229996,246.229996,11460800
543,244.190002,251.000000,243.899994,249.990005,249.990005,6078100
544,254.179993,254.850006,249.110001,250.020004,250.020004,4809500
545,249.710007,253.279999,248.270004,250.479996,250.479996,3351800
546,250.740005,251.899994,249.000000,251.570007,251.570007,2919400
547,247.910004,251.699997,247.509995,251.210007,251.210007,3355500
548,251.919998,253.889999,248.320007,248.589996,248.589996,3459500
549,247.000000,250.070007,245.320007,246.869995,246.869995,3725200
550,247.630005,248.660004,243.000000,244.899994,244.899994,3879300
551,246.210007,246.500000,243.000000,243.690002,243.690002,3066300
552,244.820007,246.850006,242.779999,246.169998,246.169998,3022600
553,246.110001,258.119995,246.020004,258.000000,258.000000,7598400
554,257.000000,261.000000,254.270004,255.729996,255.729996,5330800
555,262.399994,265.750000,259.059998,262.049988,262.049988,7132200
556,264.000000,265.329987,261.200012,261.500000,261.500000,6497500
557,260.600006,264.549988,258.820007,261.920013,261.920013,3614300
558,262.829987,264.799988,250.240005,250.679993,250.679993,6908600
559,251.559998,255.070007,250.509995,255.009995,255.009995,4059300
560,255.389999,257.670013,253.300003,254.779999,254.779999,3320200
561,255.699997,263.890015,255.009995,263.160004,263.160004,5647300
562,260.600006,270.570007,259.750000,270.220001,270.220001,6230800
563,277.019989,280.679993,275.000000,277.450012,277.450012,7987600
564,278.339996,279.600006,275.540009,277.380005,277.380005,3676200
565,278.040009,282.000000,277.209991,277.920013,277.920013,4148400
566,278.730011,279.679993,276.320007,278.299988,278.299988,3294600
567,286.899994,299.000000,284.579987,298.519989,298.519989,13888600
568,296.890015,304.809998,294.529999,303.700012,303.700012,10134600
569,302.040009,304.880005,294.200012,295.000000,295.000000,7880900
570,296.880005,301.940002,294.100006,298.700012,298.700012,5520600
571,297.500000,302.690002,297.149994,302.540009,302.540009,4579600
572,309.149994,313.730011,308.709991,312.390015,312.390015,7664500
573,313.380005,313.470001,305.500000,308.709991,308.709991,5724600
574,306.339996,308.450012,296.320007,296.839996,296.839996,6050700
575,296.700012,307.390015,295.299988,304.000000,304.000000,9284600
576,302.700012,304.000000,298.679993,301.440002,301.440002,4138700
577,299.700012,300.839996,297.899994,300.250000,300.250000,3035700
578,302.459991,306.619995,302.109985,305.519989,305.519989,3898000
579,306.510010,309.149994,300.230011,302.510010,302.510010,6149400
580,302.000000,306.399994,300.420013,305.600006,305.600006,4509800
581,309.220001,310.549988,306.019989,308.029999,308.029999,5083500
582,308.000000,313.980011,305.859985,313.790009,313.790009,6737700
583,312.369995,314.500000,309.000000,310.170013,310.170013,4695000
584,311.690002,313.089996,307.500000,308.630005,308.630005,3468600
585,309.829987,314.799988,308.000000,314.070007,314.070007,4505500
586,314.880005,327.250000,314.809998,322.829987,322.829987,8829600
587,324.000000,327.660004,316.559998,318.890015,318.890015,5382800
588,317.670013,321.529999,310.450012,311.019989,311.019989,7133400
589,307.440002,307.769989,290.760010,295.459991,295.459991,14152000
590,298.000000,308.549988,296.799988,308.350006,308.350006,8177300
591,310.899994,313.790009,305.820007,307.190002,307.190002,7006500
592,309.380005,321.989990,309.100006,321.260010,321.260010,9676500
593,321.559998,325.500000,318.119995,325.220001,325.220001,5741600
594,323.399994,326.000000,319.600006,323.100006,323.100006,4753800
595,325.480011,327.000000,321.529999,324.809998,324.809998,4121600
596,318.380005,320.200012,312.529999,315.880005,315.880005,7622000
597,317.589996,320.059998,315.140015,317.010010,317.010010,4152500
598,314.390015,314.630005,305.500000,306.109985,306.109985,6711900
599,307.000000,313.940002,305.309998,313.059998,313.059998,5653800
600,315.500000,316.500000,310.200012,310.829987,310.829987,4687600
601,312.799988,314.369995,306.799988,310.350006,310.350006,4329200
602,310.459991,310.730011,303.480011,303.859985,303.859985,4318400
603,306.510010,311.000000,305.399994,310.220001,310.220001,5033300
604,311.019989,316.970001,307.809998,316.829987,316.829987,5014000
605,317.279999,325.489990,316.309998,325.140015,325.140015,7802200
606,326.000000,336.279999,325.760010,335.100006,335.100006,7782900
607,337.690002,342.890015,335.160004,341.010010,341.010010,9963400
608,344.000000,344.880005,337.290009,340.369995,340.369995,7608000
609,339.769989,342.880005,335.929993,339.850006,339.850006,5590200
610,338.500000,348.440002,334.209991,347.320007,347.320007,6784400
611,344.700012,359.489990,339.970001,352.850006,352.850006,11086800
612,356.339996,360.500000,355.140015,359.649994,359.649994,9398000
613,363.750000,371.899994,360.220001,370.000000,370.000000,9061500
614,374.420013,376.869995,354.799988,357.320007,357.320007,17261400
615,357.989990,364.500000,350.619995,359.010010,359.010010,10517700
616,367.619995,376.000000,366.609985,375.950012,375.950012,11807900
617,381.089996,384.250000,376.309998,380.660004,380.660004,12818400
618,372.500000,375.459991,366.489990,375.339996,375.339996,10426500
619,377.980011,378.010010,370.100006,371.399994,371.399994,6731000
620,375.000000,376.700012,367.799988,369.799988,369.799988,6549300
621,376.670013,378.880005,369.730011,372.239990,372.239990,7438700
622,374.350006,376.989990,368.019989,376.399994,376.399994,4923200
623,377.989990,385.000000,373.570007,382.609985,382.609985,7529800
624,382.450012,386.989990,379.350006,383.450012,383.450012,6445800
625,386.690002,386.950012,373.100006,377.489990,377.489990,6604100
626,376.399994,376.399994,362.019989,362.369995,362.369995,6996400
627,366.679993,371.739990,362.519989,371.239990,371.239990,6302500
628,370.609985,371.000000,354.100006,360.750000,360.750000,8221000
629,363.709991,366.769989,359.619995,361.609985,361.609985,5848500
630,370.239990,371.350006,351.500000,352.619995,352.619995,6305400
631,347.200012,347.239990,326.329987,327.089996,327.089996,17046700
632,317.260010,320.790009,306.299988,308.829987,308.829987,19324500
633,313.500000,317.000000,307.380005,313.220001,313.220001,14176900
634,312.899994,317.940002,303.130005,316.049988,316.049988,13820900
635,316.000000,327.279999,314.299988,327.220001,327.220001,11559400
636,330.399994,333.100006,324.500000,329.519989,329.519989,10346100
637,330.109985,331.600006,319.970001,323.410004,323.410004,8594500
638,323.190002,328.420013,321.220001,327.779999,327.779999,5625200
639,325.540009,327.100006,313.450012,319.570007,319.570007,9876900
640,317.500000,329.130005,315.660004,328.239990,328.239990,6373700
641,328.230011,331.649994,323.220001,325.260010,325.260010,6357000
642,326.899994,330.220001,324.200012,329.920013,329.920013,5166200
643,329.459991,331.260010,325.799988,328.399994,328.399994,4901600
644,330.239990,343.399994,330.010010,342.519989,342.519989,8637100
645,345.000000,345.600006,334.149994,339.600006,339.600006,6989200
646,340.359985,345.500000,338.119995,343.850006,343.850006,4820800
647,346.000000,347.500000,326.290009,334.459991,334.459991,8302400
648,336.890015,339.600006,332.510010,335.070007,335.070007,4880400
649,335.500000,341.489990,321.040009,323.470001,323.470001,8535100
650,323.000000,324.450012,316.130005,319.570007,319.570007,8303100
651,318.940002,327.119995,311.220001,325.890015,325.890015,13091500
652,345.329987,350.000000,343.149994,347.089996,347.089996,13535000
653,347.000000,357.269989,343.299988,356.910004,356.910004,9268900
654,357.350006,359.480011,352.750000,355.170013,355.170013,6324500
655,357.529999,368.579987,357.399994,365.220001,365.220001,7449800
656,361.000000,370.000000,358.950012,363.529999,363.529999,6892100
657,361.600006,366.649994,354.660004,355.399994,355.399994,7092900
658,356.970001,361.260010,353.619995,357.869995,357.869995,4365800
659,364.630005,367.660004,362.600006,363.799988,363.799988,4519200
660,365.200012,365.489990,359.369995,362.329987,362.329987,3085100
661,363.000000,366.500000,362.519989,362.910004,362.910004,3413800
662,361.209991,363.299988,351.589996,351.920013,351.920013,5027700
663,352.910004,354.000000,345.799988,347.459991,347.459991,5408200
664,345.820007,345.820007,331.850006,337.859985,337.859985,6495400
665,341.130005,342.239990,337.369995,341.350006,341.350006,4322000
666,338.989990,353.489990,338.299988,352.769989,352.769989,4954500
667,352.519989,356.660004,349.739990,352.929993,352.929993,4584700
668,354.239990,355.690002,347.299988,348.049988,348.049988,3484000
669,347.279999,347.350006,339.720001,345.660004,345.660004,3764000
670,339.480011,349.049988,338.750000,347.359985,347.359985,4073700
671,349.670013,353.470001,347.000000,353.179993,353.179993,3412900
672,353.549988,358.440002,352.820007,355.899994,355.899994,4072800
673,356.119995,357.589996,353.690002,355.399994,355.399994,3049500
674,353.799988,355.489990,345.890015,349.589996,349.589996,3835100
675,349.500000,350.980011,341.559998,344.529999,344.529999,4091400
676,345.980011,352.480011,343.450012,350.609985,350.609985,4239200
677,348.989990,349.779999,342.299988,343.399994,343.399994,3263500
678,351.350006,363.709991,350.000000,363.690002,363.690002,7667100
679,364.489990,368.760010,360.399994,362.750000,362.750000,5972900
680,363.820007,368.070007,359.589996,366.230011,366.230011,4185200
681,364.329987,377.959991,362.630005,377.640015,377.640015,7202500
682,374.510010,380.000000,372.700012,379.809998,379.809998,5420500
683,380.250000,389.609985,377.679993,385.000000,385.000000,7188000
684,380.000000,382.390015,373.570007,375.100006,375.100006,6451900
685,373.000000,378.250000,371.070007,373.910004,373.910004,4919100
686,374.899994,376.829987,364.510010,366.480011,366.480011,4618200
687,366.489990,369.899994,350.880005,351.089996,351.089996,8159400
688,353.149994,357.470001,342.880005,344.989990,344.989990,7605900
689,350.929993,351.239990,340.899994,345.250000,345.250000,7156300
690,349.899994,351.489990,340.500000,340.970001,340.970001,6060300
691,339.880005,342.750000,335.399994,339.600006,339.600006,5319600
692,341.859985,344.679993,338.600006,341.100006,341.100006,5107100
693,342.519989,343.700012,335.510010,341.529999,341.529999,5286800
694,335.899994,348.549988,331.279999,348.140015,348.140015,10153600
695,351.250000,358.619995,349.600006,355.010010,355.010010,8163500
696,356.000000,357.440002,351.350006,355.329987,355.329987,4171700
697,353.100006,360.100006,352.250000,356.880005,356.880005,4297500
698,349.649994,351.750000,342.670013,342.940002,342.940002,7493700
699,346.799988,355.630005,345.529999,355.589996,355.589996,6978500
700,353.890015,357.600006,351.149994,354.600006,354.600006,4500800
701,352.950012,359.779999,352.640015,355.679993,355.679993,4087000
702,356.980011,358.489990,353.679993,355.570007,355.570007,3540500
703,353.760010,354.480011,347.160004,350.600006,350.600006,5375500
704,350.910004,356.220001,350.070007,355.750000,355.750000,3293300
705,355.970001,363.000000,354.130005,359.649994,359.649994,4939100
706,355.559998,357.149994,348.200012,351.809998,351.809998,5061800
707,352.690002,354.549988,344.339996,345.100006,345.100006,4930400
708,349.880005,349.950012,336.250000,337.019989,337.019989,5747300
709,338.799988,342.799988,336.160004,337.339996,337.339996,4491700
710,336.700012,337.500000,323.559998,325.839996,325.839996,8594100
711,327.779999,330.230011,323.200012,326.170013,326.170013,5023500
712,319.750000,324.589996,316.660004,320.869995,320.869995,6979700
713,319.179993,323.779999,317.250000,320.079987,320.079987,4254400
714,320.230011,331.950012,320.179993,331.529999,331.529999,5672300
715,332.250000,332.609985,320.260010,321.079987,321.079987,8457300
716,300.130005,308.690002,292.630005,299.260010,299.260010,19791400
717,299.500000,306.250000,295.130005,306.089996,306.089996,8894000
718,307.000000,307.500000,299.010010,302.779999,302.779999,6486000
719,301.019989,306.500000,300.029999,306.049988,306.049988,5294300
720,305.500000,306.890015,301.299988,304.390015,304.390015,4725300
721,302.500000,304.459991,296.299988,302.989990,302.989990,5447100
722,302.500000,308.359985,301.850006,302.989990,302.989990,4625400
723,300.130005,316.799988,299.109985,315.399994,315.399994,7584900
724,315.000000,316.350006,306.899994,308.700012,308.700012,5676100
725,306.010010,312.489990,301.500000,311.299988,311.299988,5978700
726,313.989990,318.140015,311.299988,312.500000,312.500000,5822100
727,325.670013,326.670013,313.149994,315.049988,315.049988,13735100
728,313.790009,315.500000,304.750000,308.739990,308.739990,8247700
729,310.859985,318.230011,308.709991,317.809998,317.809998,7261300
730,316.769989,317.420013,311.839996,312.600006,312.600006,4917600
731,313.790009,316.410004,311.000000,315.549988,315.549988,3244100
732,313.250000,317.339996,309.510010,316.809998,316.809998,4555900
733,316.359985,320.000000,313.920013,317.549988,317.549988,4949500
734,317.299988,318.000000,301.230011,307.540009,307.540009,8767400
735,308.559998,310.700012,304.540009,308.850006,308.850006,4351600
736,305.440002,310.320007,305.049988,306.529999,306.529999,4292900
737,306.500000,308.269989,300.609985,305.200012,305.200012,5835100
738,302.000000,308.000000,301.000000,303.700012,303.700012,4646500
739,300.100006,313.390015,300.000000,313.260010,313.260010,7195300
740,312.000000,318.630005,311.049988,311.239990,311.239990,4780600
741,314.600006,316.980011,311.260010,315.130005,315.130005,3468500
742,314.630005,329.010010,313.750000,328.910004,328.910004,7938000
743,330.450012,341.440002,330.029999,341.029999,341.029999,8733200
744,340.929993,344.220001,336.500000,339.029999,339.029999,6221500
745,341.010010,347.440002,336.899994,337.890015,337.890015,5799900
746,342.040009,343.899994,335.760010,343.450012,343.450012,6933200
747,344.899994,346.730011,337.579987,338.869995,338.869995,5476200
748,340.260010,341.489990,330.299988,331.100006,331.100006,6825000
749,332.690002,333.100006,325.040009,328.980011,328.980011,5953800
750,329.589996,333.739990,327.209991,331.660004,331.660004,4385200
751,329.510010,330.920013,324.820007,325.200012,325.200012,4215800
752,323.829987,323.940002,316.579987,317.290009,317.290009,4378400
753,316.000000,317.679993,310.750000,311.640015,311.640015,4712100
754,311.750000,315.820007,309.540009,315.359985,315.359985,4316300
755,316.179993,316.410004,310.000000,311.350006,311.350006,3777200
756,312.000000,322.109985,311.000000,320.529999,320.529999,4352200
757,321.000000,325.250000,315.549988,317.250000,317.250000,4521500
758,312.869995,318.549988,305.679993,314.619995,314.619995,9946300
759,316.619995,317.239990,312.000000,316.579987,316.579987,4591200
760,316.000000,337.019989,315.500000,336.410004,336.410004,9859400
761,335.160004,338.799988,327.399994,333.690002,333.690002,7146600
762,332.200012,337.000000,330.000000,334.799988,334.799988,4309900
763,335.239990,344.809998,333.260010,337.950012,337.950012,6645500
764,338.630005,340.410004,333.670013,336.220001,336.220001,4825100
765,337.540009,345.000000,334.799988,340.059998,340.059998,6474300
766,340.470001,349.000000,339.750000,347.160004,347.160004,7103500
767,345.670013,352.299988,343.739990,344.570007,344.570007,5685800
768,345.000000,350.589996,342.600006,350.019989,350.019989,4888300
769,349.399994,357.829987,349.200012,351.559998,351.559998,6210400
770,360.000000,360.500000,351.000000,352.790009,352.790009,5465400
771,354.579987,354.750000,343.519989,345.890015,345.890015,5287500
772,348.269989,349.200012,336.399994,337.640015,337.640015,6740300
773,341.500000,344.000000,335.709991,342.850006,342.850006,4539400
774,339.850006,350.850006,338.279999,349.529999,349.529999,4747100
775,345.140015,348.269989,342.170013,345.820007,345.820007,4717700
776,347.510010,356.190002,345.190002,354.309998,354.309998,6214100
777,351.000000,359.660004,348.630005,349.250000,349.250000,4197700
778,348.440002,351.950012,340.510010,343.750000,343.750000,3704800
779,337.970001,344.470001,333.000000,333.130005,333.130005,4464100
780,325.209991,336.220001,323.500000,333.970001,333.970001,5088400
781,338.989990,346.000000,335.660004,345.000000,345.000000,6969200
782,343.309998,348.619995,314.600006,315.230011,315.230011,10314600
783,319.929993,320.980011,294.760010,310.420013,310.420013,12933700
784,316.130005,318.079987,306.250000,315.730011,315.730011,6227800
785,315.019989,324.190002,312.510010,323.660004,323.660004,4560200
786,320.839996,326.170013,318.519989,322.309998,322.309998,3950700
787,324.500000,334.119995,322.399994,334.070007,334.070007,5912900
788,332.500000,343.119995,331.640015,335.489990,335.489990,5642600
789,334.470001,340.839996,331.500000,334.769989,334.769989,4009400
790,336.029999,339.690002,333.170013,333.299988,333.299988,3219600
791,335.529999,347.440002,334.750000,346.170013,346.170013,6969800
792,347.829987,354.989990,347.100006,352.049988,352.049988,5817400
793,353.500000,359.000000,352.359985,357.420013,357.420013,4340000
794,356.250000,359.989990,350.010010,350.989990,350.989990,4797400
795,352.570007,355.239990,342.220001,343.059998,343.059998,6069700
796,345.010010,348.670013,330.070007,330.929993,330.929993,6885600
797,326.980011,335.220001,322.970001,335.119995,335.119995,5092800
798,332.390015,337.750000,329.290009,333.350006,333.350006,3823800
799,333.750000,336.369995,327.029999,328.200012,328.200012,4285700
800,325.440002,332.500000,321.739990,332.299988,332.299988,5007300
801,332.859985,333.299988,326.269989,329.100006,329.100006,3566200
802,324.100006,328.489990,322.369995,327.170013,327.170013,5506800
803,328.609985,347.209991,326.500000,345.510010,345.510010,8264000
804,328.609985,347.209991,326.500000,341.839996,341.839996,5965800
805,336.760010,339.809998,323.929993,326.630005,326.630005,7967400
806,329.380005,332.850006,321.100006,325.600006,325.600006,6564800
807,322.929993,327.399994,319.070007,321.350006,321.350006,6117300
808,316.500000,320.750000,309.670013,313.559998,313.559998,7484300
809,314.869995,316.250000,308.760010,310.549988,310.549988,4764300
810,310.250000,322.440002,310.190002,316.529999,316.529999,5958400
811,313.890015,318.820007,308.179993,309.100006,309.100006,4939800
812,311.250000,311.250000,300.450012,301.540009,301.540009,6654900
813,307.339996,307.589996,291.359985,304.179993,304.179993,8375200
814,304.000000,304.269989,277.179993,279.179993,279.179993,13872000
815,264.579987,268.679993,252.100006,257.779999,257.779999,21001400
816,256.489990,270.959991,248.210007,266.130005,266.130005,15170700
817,256.260010,260.329987,244.589996,252.479996,252.479996,16114000
818,269.820007,273.350006,254.490005,267.529999,267.529999,18844400
819,252.779999,288.369995,252.000000,286.940002,286.940002,19896700
820,289.339996,306.260010,288.200012,305.720001,305.720001,19121100
821,301.000000,309.279999,295.500000,299.299988,299.299988,13520300
822,300.369995,309.500000,289.209991,289.660004,289.660004,10249800
823,298.970001,307.100006,293.679993,304.700012,304.700012,10989800
824,300.739990,308.980011,299.660004,300.929993,300.929993,7482900
825,302.320007,303.950012,293.679993,294.079987,294.079987,7608800
826,303.600006,303.950012,295.980011,300.339996,300.339996,7327200
827,299.000000,299.660004,289.010010,291.209991,291.209991,6338500
828,288.869995,292.170013,282.510010,287.690002,287.690002,7000000
829,291.079987,300.239990,288.160004,293.350006,293.350006,6557700
830,291.079987,301.010010,288.549988,300.079987,300.079987,6090600
831,295.170013,299.980011,289.750000,290.239990,290.239990,5627900
832,291.290009,291.619995,282.329987,283.369995,283.369995,4893400
833,285.000000,287.089996,278.459991,283.459991,283.459991,5685300
834,283.500000,285.160004,277.250000,280.690002,280.690002,4013600
835,278.750000,285.790009,276.500000,285.480011,285.480011,4356000
836,285.369995,294.470001,283.829987,294.079987,294.079987,4364600
837,293.609985,298.730011,292.500000,293.899994,293.899994,4228200
838,293.510010,300.820007,293.220001,299.920013,299.920013,4625600
839,298.570007,306.850006,297.779999,301.149994,301.149994,8970400
840,278.790009,288.040009,275.230011,284.450012,284.450012,17352100
841,283.000000,296.859985,279.519989,294.089996,294.089996,8569400
842,297.500000,305.959991,295.170013,302.769989,302.769989,8678200
843,300.799988,307.750000,299.000000,301.970001,301.970001,5930000
844,300.410004,307.010010,300.049988,306.850006,306.850006,5727400
845,307.500000,312.989990,304.109985,305.019989,305.019989,5651600
846,307.700012,308.880005,299.079987,301.059998,301.059998,4679600
847,303.320007,304.940002,291.619995,291.970001,291.970001,7286800
848,285.010010,286.959991,280.500000,284.179993,284.179993,9519200
849,283.829987,288.809998,281.559998,286.480011,286.480011,5674000
850,285.899994,289.190002,283.970001,284.540009,284.540009,4420600
851,284.649994,284.649994,274.000000,276.820007,276.820007,7251900
852,281.329987,291.489990,281.299988,284.489990,284.489990,9182600
853,287.760010,288.000000,273.420013,275.010010,275.010010,8945800
854,277.760010,279.910004,274.000000,279.070007,279.070007,5985100
855,278.399994,281.109985,274.890015,277.850006,277.850006,4176700
856,277.630005,279.640015,275.609985,278.850006,278.850006,3875100
857,278.510010,286.500000,276.149994,283.760010,283.760010,5666600
858,283.290009,295.010010,281.600006,291.720001,291.720001,7489700
859,287.209991,290.369995,282.929993,284.730011,284.730011,5919700
860,285.859985,291.950012,283.839996,291.820007,291.820007,5424400
861,294.339996,299.000000,293.549988,296.739990,296.739990,4797800
862,297.700012,297.799988,286.739990,291.130005,291.130005,5995200
863,300.500000,322.170013,297.480011,319.500000,319.500000,18767300
864,316.149994,330.000000,313.579987,316.089996,316.089996,14345300
865,319.000000,324.480011,317.149994,317.660004,317.660004,8205200
866,322.510010,334.660004,322.500000,332.100006,332.100006,13183500
867,344.700012,354.970001,338.000000,342.769989,342.769989,22347400
868,346.709991,347.200012,339.799988,344.779999,344.779999,9469800
869,347.630005,358.750000,346.600006,357.720001,357.720001,10981000
870,353.839996,364.670013,351.250000,358.170013,358.170013,10848300
871,355.399994,373.730011,354.500000,370.829987,370.829987,12073200
872,365.160004,370.000000,346.250000,352.549988,352.549988,12761900
873,358.040009,364.380005,352.000000,362.220001,362.220001,8383700
874,362.000000,366.209991,346.269989,347.510010,347.510010,7967100
875,351.540009,352.250000,332.000000,333.630005,333.630005,10266100
876,330.119995,338.470001,327.500000,333.010010,333.010010,6931300
877,336.049988,343.549988,325.799988,342.000000,342.000000,7452500
878,345.000000,350.790009,339.500000,344.500000,344.500000,8333700
879,348.660004,357.019989,346.109985,349.929993,349.929993,8398000
880,353.329987,353.859985,342.410004,342.950012,342.950012,6492400
881,360.070007,364.779999,329.850006,335.070007,335.070007,18759800
882,331.750000,332.489990,309.690002,310.859985,310.859985,12282600
883,313.760010,314.390015,296.220001,309.160004,309.160004,17476400
884,304.950012,312.070007,302.000000,308.899994,308.899994,8865500
885,311.989990,318.519989,308.000000,318.510010,318.510010,7596800
886,324.559998,327.679993,319.200012,322.470001,322.470001,9471500
887,315.799988,321.940002,315.070007,318.959991,318.959991,4884100
888,321.429993,323.230011,312.769989,316.709991,316.709991,5721200
889,315.579987,319.579987,309.250000,318.869995,318.869995,5869800
890,311.709991,315.160004,306.250000,310.100006,310.100006,7818700
891,308.809998,324.739990,308.500000,322.690002,322.690002,6996200
892,325.000000,325.500000,316.250000,323.850006,323.850006,5624200
893,316.329987,323.540009,314.010010,320.230011,320.230011,5915300
894,321.230011,323.239990,311.709991,313.579987,313.579987,5162200
895,301.839996,305.500000,292.859985,303.200012,303.200012,10992900
896,304.420013,307.720001,292.549988,297.429993,297.429993,9590800
897,296.739990,309.619995,294.500000,308.739990,308.739990,7075400
898,304.850006,310.700012,303.640015,306.649994,306.649994,4630500
899,307.250000,307.690002,295.339996,297.179993,297.179993,5703300
900,295.899994,296.100006,286.130005,290.170013,290.170013,6814100
901,292.250000,298.320007,289.070007,298.140015,298.140015,5076900
902,297.989990,303.000000,293.000000,300.839996,300.839996,10129400
903,328.440002,349.989990,323.160004,349.540009,349.540009,23215000
904,347.809998,355.000000,342.529999,348.170013,348.170013,13656500
905,345.459991,354.980011,341.820007,341.989990,341.989990,8564300
906,343.839996,387.459991,339.149994,379.570007,379.570007,30875800
907,369.089996,382.640015,367.119995,370.339996,370.339996,24571200
908,365.549988,367.010010,345.730011,352.450012,352.450012,17183800
909,354.000000,360.000000,346.000000,355.489990,355.489990,11552000
910,361.130005,363.190002,349.019989,356.410004,356.410004,10463900
911,358.450012,359.200012,347.100006,347.640015,347.640015,6986400
912,341.910004,344.489990,332.140015,338.690002,338.690002,9101300
913,339.910004,342.279999,333.820007,335.450012,335.450012,6064000
914,323.500000,326.769989,303.529999,305.500000,305.500000,18958600
915,291.700012,308.500000,288.200012,308.440002,308.440002,17402300
916,310.609985,324.790009,309.000000,321.899994,321.899994,13172200
917,320.869995,323.880005,314.670013,321.640015,321.640015,5946000
918,319.140015,327.320007,318.100006,320.100006,320.100006,5147300
919,320.700012,323.850006,319.399994,322.820007,322.820007,3602600
920,318.000000,322.440002,308.809998,319.269989,319.269989,13079300
921,318.410004,318.880005,311.190002,311.859985,311.859985,7649100
922,310.269989,311.850006,303.690002,305.010010,305.010010,7447400
923,302.260010,304.600006,297.720001,303.149994,303.149994,7216700
924,302.000000,305.309998,298.600006,301.660004,301.660004,5375100
925,296.940002,298.190002,288.000000,288.950012,288.950012,8350500
926,285.049988,286.779999,277.179993,280.739990,280.739990,7720800
927,284.799988,291.170013,278.880005,280.950012,280.950012,7480800
928,260.100006,268.350006,252.250000,263.239990,263.239990,22491900
929,273.260010,286.029999,271.000000,285.500000,285.500000,14283500
930,279.470001,282.000000,273.549988,279.440002,279.440002,9170000
931,281.440002,292.500000,278.649994,290.540009,290.540009,10015400
932,288.019989,295.000000,285.179993,289.459991,289.459991,6340300
933,288.760010,297.329987,286.519989,295.200012,295.200012,6765600
934,290.040009,300.869995,288.130005,294.839996,294.839996,6887600
935,296.690002,302.640015,275.500000,284.959991,284.959991,16547500
936,280.510010,300.000000,280.500000,299.019989,299.019989,8294900
937,303.559998,305.980011,293.329987,298.329987,298.329987,7349400
938,297.700012,300.579987,295.369995,299.100006,299.100006,5050500
939,298.480011,303.000000,293.579987,299.679993,299.679993,4843000
940,300.000000,304.600006,296.500000,300.989990,300.989990,4481700
941,301.910004,313.890015,301.109985,309.579987,309.579987,7843200
942,312.899994,314.959991,306.910004,307.519989,307.519989,8509100
943,270.260010,278.000000,260.559998,264.769989,264.769989,33649700
944,305.769989,311.440002,301.049988,310.700012,310.700012,21777600
945,313.950012,316.839996,299.149994,301.019989,301.019989,11743500
946,303.329987,304.600006,291.570007,294.799988,294.799988,7995000
947,293.950012,294.000000,277.670013,281.829987,281.829987,9814200
948,274.649994,274.880005,260.000000,261.950012,261.950012,17944500
949,264.519989,267.760010,249.000000,250.559998,250.559998,13472700
950,255.250000,266.769989,253.300003,262.799988,262.799988,12060600
951,264.609985,265.510010,247.770004,256.880005,256.880005,12815300
952,257.529999,262.250000,249.029999,252.229996,252.229996,8167700
953,261.000000,261.989990,252.009995,258.779999,258.779999,7201400
954,259.059998,263.279999,254.539993,259.589996,259.589996,6200000
955,265.700012,277.380005,262.239990,276.589996,276.589996,9526400
956,282.399994,282.700012,265.799988,271.779999,271.779999,8655500
957,269.290009,271.000000,263.000000,263.910004,263.910004,5421200
958,267.390015,269.660004,253.500000,260.000000,260.000000,9375500
959,260.679993,261.859985,252.589996,260.950012,260.950012,5600300
960,263.869995,297.929993,262.100006,294.140015,294.140015,19027800
961,301.049988,304.440002,285.730011,288.500000,288.500000,20058300
962,317.220001,321.000000,301.010010,314.859985,314.859985,20840700
963,308.250000,339.899994,306.649994,330.899994,330.899994,27425500
964,337.470001,347.160004,326.500000,334.850006,334.850006,14486000
965,328.390015,337.899994,322.260010,329.899994,329.899994,9126700
966,332.540009,342.000000,329.100006,337.320007,337.320007,7624300
967,338.260010,347.839996,334.730011,344.279999,344.279999,8000100
968,343.739990,349.200012,340.910004,346.410004,346.410004,7808000
969,340.500000,343.959991,330.140015,341.399994,341.399994,7831000
970,339.070007,348.799988,336.089996,341.059998,341.059998,6762900
971,343.339996,351.179993,340.799988,348.160004,348.160004,7374500
972,348.500000,357.579987,348.440002,351.399994,351.399994,7090700
973,349.000000,354.000000,345.230011,350.510010,350.510010,5098800
974,348.369995,349.779999,330.339996,331.279999,331.279999,6941500
975,333.160004,344.700012,332.200012,338.730011,338.730011,5448600
976,342.700012,347.109985,337.149994,344.000000,344.000000,5040300
977,342.329987,348.579987,339.040009,348.440002,348.440002,4625700
978,345.190002,355.700012,345.119995,354.309998,354.309998,7206200
979,356.339996,366.750000,352.880005,353.470001,353.470001,9708900
980,341.750000,349.799988,333.549988,347.489990,347.489990,8004700
981,352.000000,353.100006,337.399994,338.190002,338.190002,4686800
982,334.350006,337.500000,325.549988,325.829987,325.829987,4202600
983,325.000000,346.220001,325.000000,346.000000,346.000000,7992100
984,340.049988,346.959991,335.500000,343.920013,343.920013,6358300
985,345.989990,348.279999,342.209991,347.869995,347.869995,4127600
986,347.000000,347.500000,339.549988,341.170013,341.170013,3080700
987,341.829987,351.600006,338.260010,350.480011,350.480011,5629100
988,360.000000,366.000000,352.000000,358.489990,358.489990,8306500
989,356.049988,368.679993,352.000000,359.700012,359.700012,8461900
990,356.010010,367.380005,350.760010,363.059998,363.059998,7842500
991,369.000000,379.489990,357.649994,357.970001,357.970001,11511200
992,360.000000,365.980011,353.119995,365.149994,365.149994,6613500
993,369.910004,372.170013,360.230011,366.760010,366.760010,6308800
994,369.420013,371.910004,365.160004,366.600006,366.600006,5027000
995,370.149994,377.440002,366.750000,376.790009,376.790009,7365900
996,375.000000,377.869995,364.329987,365.709991,365.709991,6337600
997,362.000000,365.700012,343.880005,348.420013,348.420013,7674000
998,350.540009,351.549988,333.690002,337.029999,337.029999,7100000
999,337.600006,347.010010,329.739990,332.970001,332.970001,8274200
1000,327.049988,330.290009,311.869995,315.380005,315.380005,9071900
1001,317.399994,323.470001,312.440002,319.769989,319.769989,8016800
1002,313.500000,314.500000,295.200012,295.390015,295.390015,5559900
1003,300.000000,326.970001,294.089996,326.089996,326.089996,8163100
1004,319.839996,322.170013,301.500000,316.130005,316.130005,8575100
1005,323.100006,336.239990,318.410004,333.869995,333.869995,9939000
1006,337.790009,339.209991,325.260010,332.799988,332.799988,6302300
1007,306.100006,315.130005,298.799988,310.119995,310.119995,11658600
1008,307.000000,309.399994,297.380005,300.359985,300.359985,6965200
1009,306.000000,318.000000,302.730011,317.690002,317.690002,7394100
1010,321.720001,336.739990,317.750000,334.959991,334.959991,7551200
1011,341.959991,344.010010,327.019989,335.350006,335.350006,7008500
1012,335.500000,343.500000,331.470001,338.529999,338.529999,5432900
1013,334.399994,345.390015,331.790009,344.970001,344.970001,6056400
1014,342.089996,348.410004,338.769989,347.260010,347.260010,5039100
1015,342.380005,342.500000,334.000000,334.399994,334.399994,5247300
1016,335.000000,348.799988,334.500000,344.429993,344.429993,6056600
1017,344.779999,352.000000,343.500000,346.049988,346.049988,4691700
1018,346.209991,351.500000,344.149994,347.309998,347.309998,3676700
1019,323.000000,327.130005,299.730011,302.260010,302.260010,24150800
1020,304.820007,308.000000,295.500000,298.920013,298.920013,12066700
1021,292.500000,294.500000,281.690002,287.589996,287.589996,12530000
1022,283.029999,293.679993,279.279999,291.510010,291.510010,8012200
1023,294.390015,298.519989,289.549988,297.040009,297.040009,7249600
1024,292.910004,297.459991,287.750000,296.380005,296.380005,6423300
1025,295.269989,298.559998,291.799988,297.459991,297.459991,4621700
1026,300.450012,309.000000,298.489990,308.769989,308.769989,11250300
1027,301.000000,311.559998,294.000000,307.019989,307.019989,12569200
1028,305.420013,316.100006,303.500000,312.209991,312.209991,7283400
1029,312.980011,315.299988,301.880005,312.890015,312.890015,7352100
1030,312.489990,322.440002,312.250000,321.350006,321.350006,6742800
1031,319.589996,324.239990,315.619995,317.220001,317.220001,5038500
1032,313.299988,314.700012,303.000000,307.510010,307.510010,6520600
1033,306.829987,307.450012,298.500000,305.799988,305.799988,5844200
1034,311.600006,318.600006,310.500000,312.839996,312.839996,7129700
1035,316.200012,318.190002,309.619995,311.809998,311.809998,5517600
1036,312.350006,312.750000,305.570007,308.170013,308.170013,5141600
1037,303.380005,306.769989,301.000000,303.769989,303.769989,5200800
1038,304.500000,308.000000,303.899994,307.880005,307.880005,3904900
1039,306.559998,311.540009,305.470001,305.640015,305.640015,4168400
1040,304.410004,306.299988,299.000000,302.559998,302.559998,7142100
1041,301.809998,303.239990,290.500000,291.230011,291.230011,8909200
1042,294.489990,296.500000,292.100006,294.709991,294.709991,5740600
1043,297.910004,302.899994,297.000000,298.769989,298.769989,6626500
1044,292.220001,302.010010,288.769989,297.859985,297.859985,8582500
1045,301.779999,316.299988,300.549988,314.739990,314.739990,11183900
1046,318.920013,320.000000,310.809998,319.880005,319.880005,10520700
1047,306.940002,307.130005,291.899994,294.790009,294.790009,22911400
1048,298.119995,299.000000,282.779999,285.359985,285.359985,17096800
1049,282.000000,284.000000,270.100006,276.540009,276.540009,18764700
1050,276.480011,281.510010,274.390015,276.239990,276.239990,10335500
1051,278.839996,284.700012,274.250000,276.589996,276.589996,9442500
1052,276.910004,285.589996,275.890015,284.140015,284.140015,8819600
1053,283.519989,291.279999,280.500000,290.920013,290.920013,7392300
1054,286.489990,288.070007,281.059998,283.359985,283.359985,7504100
1055,283.899994,291.989990,282.700012,288.959991,288.959991,6844700
1056,292.450012,295.390015,288.290009,289.959991,289.959991,7103400
1057,283.510010,283.720001,274.399994,275.429993,275.429993,14785500
1058,276.000000,278.049988,267.299988,269.489990,269.489990,10281000
1059,267.500000,273.299988,263.459991,267.470001,267.470001,11800600
1060,269.690002,274.970001,266.299988,273.600006,273.600006,6908200
1061,272.600006,276.450012,268.450012,274.019989,274.019989,5947100
1062,272.579987,272.799988,264.000000,264.529999,264.529999,8745600
1063,259.709991,263.179993,254.460007,260.420013,260.420013,10215000
1064,264.440002,270.260010,264.429993,267.769989,267.769989,7350900
1065,268.750000,275.369995,268.179993,274.829987,274.829987,8779200
1066,277.160004,280.329987,275.100006,278.619995,278.619995,6774100
1067,278.700012,280.160004,274.500000,279.859985,279.859985,5991300
1068,282.619995,289.200012,281.279999,289.179993,289.179993,8110400
1069,288.299988,289.440002,283.880005,285.880005,285.880005,5478900
1070,287.320007,296.170013,287.170013,291.809998,291.809998,7929900
1071,261.890015,271.200012,260.589996,267.779999,267.779999,23720700
1072,269.859985,276.100006,266.109985,274.959991,274.959991,13038300
1073,277.690002,281.160004,270.440002,273.200012,273.200012,10410400
1074,271.649994,275.000000,269.609985,272.309998,272.309998,5904000
1075,276.739990,278.380005,272.890015,276.059998,276.059998,7061300
1076,268.299988,270.500000,265.600006,268.420013,268.420013,9835900
1077,270.220001,271.950012,266.829987,267.700012,267.700012,6746000
1078,268.630005,268.880005,258.630005,266.380005,266.380005,10038600
1079,265.750000,275.000000,264.720001,273.359985,273.359985,7272900
1080,274.750000,274.790009,268.540009,271.230011,271.230011,5126500
1081,271.230011,274.839996,269.750000,273.260010,273.260010,5876300
1082,269.000000,269.679993,262.480011,262.750000,262.750000,12147100
1083,260.149994,265.600006,255.750000,263.899994,263.899994,10943900
1084,263.850006,265.320007,258.000000,258.660004,258.660004,10727500
1085,255.000000,259.000000,246.070007,247.630005,247.630005,21849400
1086,246.500000,246.679993,231.130005,235.139999,235.139999,22360700
1087,235.860001,243.979996,232.169998,241.470001,241.470001,16714500
1088,242.059998,244.210007,237.000000,238.690002,238.690002,9464600
1089,238.850006,240.000000,231.500000,234.009995,234.009995,10704400
1090,245.520004,247.130005,237.720001,244.100006,244.100006,18159300
1091,243.860001,256.609985,243.490005,255.029999,255.029999,23706800
1092,250.020004,258.350006,248.500000,255.339996,255.339996,10833900
1093,256.799988,257.209991,245.100006,247.059998,247.059998,10131400
1094,246.940002,250.600006,244.199997,244.839996,244.839996,6176400
1095,242.000000,243.679993,236.940002,241.979996,241.979996,6711400
1096,239.750000,241.990005,236.020004,239.520004,239.520004,7008300
1097,232.009995,232.470001,224.500000,227.009995,227.009995,10834800
1098,229.300003,234.500000,228.000000,232.309998,232.309998,7252400
1099,229.320007,232.440002,225.250000,231.949997,231.949997,7296000
1100,229.490005,231.000000,226.500000,228.330002,228.330002,7483300
1101,221.960007,222.240005,208.919998,211.029999,211.029999,17786700
1102,202.800003,206.000000,195.250000,205.360001,205.360001,20526200
1103,197.759995,207.399994,196.039993,205.080002,205.080002,18003900
1104,199.100006,203.940002,191.779999,192.729996,192.729996,18685200
1105,194.339996,199.470001,186.220001,195.490005,195.490005,26547100
1106,199.830002,199.979996,188.750000,190.630005,190.630005,14136600
1107,191.199997,195.000000,187.850006,188.699997,188.699997,10312900
1108,187.100006,192.389999,185.039993,189.860001,189.860001,11968600
1109,188.750000,192.259995,187.020004,188.220001,188.220001,7926500
1110,185.100006,189.919998,184.100006,185.160004,185.160004,10406700
1111,185.509995,186.679993,176.990005,178.970001,178.970001,13064400
1112,181.100006,193.979996,179.610001,193.600006,193.600006,13807500
1113,198.679993,201.279999,191.850006,196.589996,196.589996,13510800
1114,204.440002,211.000000,201.800003,205.949997,205.949997,20242200
1115,205.000000,210.839996,203.500000,204.500000,204.500000,16003500
1116,210.250000,216.940002,209.009995,212.880005,212.880005,10585000
1117,219.139999,220.899994,213.500000,217.100006,217.100006,11653500
1118,222.949997,223.380005,209.000000,209.259995,209.259995,15186200
1119,210.380005,214.899994,207.509995,213.910004,213.910004,8168300
1120,211.250000,216.649994,210.399994,214.919998,214.919998,7433400
1121,215.479996,227.000000,214.270004,225.029999,225.029999,12316800
1122,228.720001,234.740005,222.559998,224.740005,224.740005,12715800
1123,225.110001,227.770004,221.059998,226.429993,226.429993,6575100
1124,223.000000,226.899994,216.350006,219.619995,219.619995,11863500
1125,216.220001,222.179993,215.500000,221.860001,221.860001,8202100
1126,223.240005,225.860001,221.020004,223.639999,223.639999,5750800
1127,224.389999,225.339996,219.490005,219.759995,219.759995,6182100
1128,220.309998,227.229996,218.100006,219.270004,219.270004,8507200
1129,219.449997,222.899994,217.350006,222.839996,222.839996,6339700
1130,220.990005,225.169998,220.800003,223.460007,223.460007,6851400
1131,230.210007,233.100006,226.279999,227.169998,227.169998,8238000
1132,228.889999,229.149994,222.220001,224.550003,224.550003,9259000
1133,239.389999,241.570007,234.509995,234.899994,234.899994,14201100
1134,234.570007,235.449997,230.800003,233.100006,233.100006,7065700
1135,231.240005,232.250000,228.660004,230.339996,230.339996,5880500
1136,228.970001,231.000000,227.279999,230.059998,230.059998,6190800
1137,234.149994,238.940002,233.139999,238.919998,238.919998,9145700
1138,238.139999,241.500000,235.800003,238.600006,238.600006,7514400
1139,239.750000,245.380005,239.710007,245.080002,245.080002,9200500
1140,248.000000,254.419998,244.860001,253.500000,253.500000,11000100
1141,249.300003,253.529999,247.929993,252.380005,252.380005,8149000
1142,255.669998,258.309998,253.350006,254.860001,254.860001,9764700
1143,255.050003,255.750000,251.889999,253.539993,253.539993,4764500
1144,255.690002,259.959991,254.619995,258.179993,258.179993,7048400
1145,258.750000,262.149994,254.190002,255.679993,255.679993,6842400
1146,256.709991,260.480011,254.500000,260.170013,260.170013,5023100
1147,259.170013,266.070007,258.160004,264.880005,264.880005,11072800
1148,233.500000,234.500000,225.550003,228.820007,228.820007,22418300
1149,226.919998,230.259995,222.250000,228.039993,228.039993,10027700
1150,227.089996,235.940002,226.029999,235.770004,235.770004,9273300
1151,232.899994,243.360001,232.179993,242.259995,242.259995,8109000
1152,243.000000,246.679993,236.649994,241.610001,241.610001,9178200
1153,242.649994,244.509995,231.770004,233.850006,233.850006,8259500
1154,231.350006,236.270004,229.229996,234.339996,234.339996,6136500
1155,229.600006,231.369995,225.779999,228.320007,228.320007,7028300
1156,231.880005,232.500000,225.750000,230.750000,230.750000,5564200
1157,226.500000,233.570007,225.800003,233.419998,233.419998,4776500
1158,234.449997,239.800003,232.649994,238.300003,238.300003,5274300
1159,236.050003,238.960007,233.809998,235.009995,235.009995,3898200
1160,232.990005,235.770004,228.750000,229.009995,229.009995,4663900
1161,228.809998,236.000000,227.550003,235.000000,235.000000,4848100
1162,231.210007,231.500000,216.690002,219.619995,219.619995,9562600
1163,220.860001,221.559998,211.550003,215.639999,215.639999,8159600
1164,216.660004,222.240005,216.020004,219.940002,219.940002,5098500
1165,224.210007,227.830002,221.699997,226.830002,226.830002,5309600
1166,227.619995,229.089996,224.539993,225.860001,225.860001,4125200
1167,222.009995,223.220001,217.600006,220.830002,220.830002,7794300
1168,222.800003,225.399994,218.220001,222.149994,222.149994,6559000
1169,219.970001,221.169998,211.000000,211.399994,211.399994,8538600
1170,213.600006,215.020004,211.539993,215.000000,215.000000,5051900
1171,215.740005,218.800003,212.029999,214.080002,214.080002,5416200
1172,213.690002,217.250000,212.309998,215.589996,215.589996,3225500
1173,219.000000,223.399994,218.000000,221.710007,221.710007,5179500
1174,229.149994,232.440002,224.210007,225.610001,225.610001,9320600
1175,224.080002,228.949997,223.160004,225.009995,225.009995,5354100
1176,226.889999,228.460007,219.210007,220.679993,220.679993,5761000
1177,222.500000,229.800003,220.850006,229.580002,229.580002,7395300
1178,227.199997,229.639999,225.169998,227.449997,227.449997,4189400
1179,230.000000,233.759995,229.229996,231.789993,231.789993,4802700
1180,230.800003,235.539993,228.940002,235.539993,235.539993,4883700
1181,237.380005,248.169998,236.000000,247.100006,247.100006,10042800
1182,247.699997,253.500000,244.399994,245.869995,245.869995,8581200
1183,246.960007,248.449997,244.869995,245.199997,245.199997,5313100
1184,246.000000,247.429993,241.169998,242.809998,242.809998,4728100
1185,242.470001,245.600006,240.369995,244.789993,244.789993,3865400
1186,245.000000,248.169998,242.369995,243.490005,243.490005,4170200
1187,246.000000,247.940002,244.839996,246.600006,246.600006,4795800
1188,246.490005,246.949997,238.160004,240.619995,240.619995,6353000
1189,240.000000,245.179993,239.220001,241.229996,241.229996,4340200
1190,241.520004,241.990005,222.610001,223.210007,223.210007,12891500
1191,224.559998,228.979996,218.360001,228.699997,228.699997,9427100
1192,230.660004,243.309998,227.399994,242.559998,242.559998,11884500
1193,242.199997,248.710007,238.729996,242.130005,242.130005,11116400
1194,243.000000,243.979996,236.110001,240.869995,240.869995,5879800
1195,241.500000,245.949997,239.130005,244.690002,244.690002,6162600
1196,243.289993,244.649994,239.429993,243.130005,243.130005,5631400
1197,231.860001,234.479996,224.279999,233.029999,233.029999,15084500
1198,231.610001,234.779999,228.070007,231.429993,231.429993,7995000
1199,229.800003,238.559998,228.550003,237.720001,237.720001,8064200
1200,235.869995,243.940002,234.500000,240.050003,240.050003,8678200
1201,241.320007,247.300003,240.649994,244.529999,244.529999,6894400
1202,245.279999,249.279999,241.580002,244.740005,244.740005,6283300
1203,247.149994,251.080002,246.809998,247.889999,247.889999,8475400
1204,247.899994,258.549988,247.130005,256.959991,256.959991,10205000
1205,257.700012,260.000000,254.119995,257.890015,257.890015,6432800
1206,257.390015,262.100006,256.920013,259.750000,259.750000,6684100
1207,262.500000,264.779999,260.170013,261.970001,261.970001,4769300
1208,260.700012,262.799988,255.100006,256.950012,256.950012,5749800
1209,258.329987,259.500000,250.179993,253.500000,253.500000,5020300
1210,254.320007,258.329987,250.850006,255.580002,255.580002,4600800
1211,254.500000,256.140015,251.350006,254.679993,254.679993,5261100
1212,298.369995,304.929993,289.200012,299.679993,299.679993,29720900
1213,297.720001,330.000000,296.109985,328.130005,328.130005,30006100
1214,327.540009,340.839996,322.600006,327.709991,327.709991,18870300
1215,319.989990,324.299988,314.750000,316.220001,316.220001,12684300
1216,313.000000,318.790009,309.970001,315.010010,315.010010,9641800
1217,313.100006,319.000000,313.000000,314.920013,314.920013,5067000
1218,316.320007,316.480011,309.799988,313.309998,313.309998,6383900
1219,314.799988,321.940002,309.260010,317.470001,317.470001,8787000
1220,319.619995,323.510010,316.119995,317.220001,317.220001,6943400
1221,318.000000,326.720001,314.500000,326.579987,326.579987,7940900
1222,329.140015,341.500000,328.019989,335.540009,335.540009,14467300
1223,334.500000,337.459991,332.500000,337.140015,337.140015,6069200
1224,343.950012,349.190002,342.000000,345.089996,345.089996,9986700
1225,346.899994,350.369995,344.040009,349.929993,349.929993,7359400
1226,355.000000,356.329987,345.179993,346.109985,346.109985,8420100
1227,346.109985,353.839996,342.910004,349.350006,349.350006,6464900
1228,350.640015,352.799988,348.359985,352.170013,352.170013,4809000
1229,352.920013,353.149994,346.100006,349.989990,349.989990,4400400
1230,351.750000,359.989990,347.799988,359.519989,359.519989,7724800
1231,360.000000,361.200012,349.570007,352.220001,352.220001,6725100
1232,354.510010,360.839996,354.000000,354.829987,354.829987,6110000
1233,340.160004,341.000000,330.000000,333.040009,333.040009,16870600
1234,344.320007,344.570007,334.459991,336.339996,336.339996,12339500
1235,335.269989,335.500000,327.100006,328.920013,328.920013,7947400
1236,331.119995,333.929993,328.570007,331.290009,331.290009,5555600
1237,331.109985,331.260010,327.500000,329.940002,329.940002,2465600
1238,329.399994,336.380005,328.690002,334.869995,334.869995,6074500
1239,332.619995,337.910004,332.190002,336.200012,336.200012,6573700
1240,337.750000,337.859985,332.850006,333.029999,333.029999,5533000
1241,332.829987,334.420013,327.250000,330.369995,330.369995,3724600
1242,335.000000,338.859985,334.769989,335.890015,335.890015,7612400
1243,336.589996,344.450012,335.079987,339.529999,339.529999,9023100
1244,339.959991,350.730011,339.309998,348.839996,348.839996,8828300
1245,351.880005,357.190002,351.089996,352.700012,352.700012,6897800
1246,354.920013,362.739990,353.230011,359.679993,359.679993,7763900
1247,361.049988,365.209991,354.640015,358.390015,358.390015,6570900
1248,362.549988,383.609985,362.500000,381.500000,381.500000,18174200
1249,378.989990,385.500000,375.899994,378.989990,378.989990,8496800
1250,380.630005,395.220001,380.579987,393.149994,393.149994,14121000
1251,397.320007,406.850006,396.500000,404.040009,404.040009,18107100
1252,410.290009,413.000000,400.190002,405.589996,405.589996,14752700
1253,411.779999,422.010010,410.000000,419.220001,419.220001,13319600
1254,418.359985,425.470001,412.690002,425.250000,425.250000,8054700
1255,427.910004,433.480011,426.350006,430.940002,430.940002,10633900
1256,435.000000,435.309998,426.109985,430.380005,430.380005,9945700
1257,428.790009,429.000000,409.260010,414.700012,414.700012,12586400
1258,405.000000,421.290009,402.079987,418.329987,418.329987,10285700
1259,424.500000,430.700012,421.709991,430.260010,430.260010,9532100
1260,440.500000,454.000000,436.920013,443.010010,443.010010,17778500
1261,440.470001,451.559998,440.000000,451.540009,451.540009,10133000
1262,461.399994,471.630005,453.359985,469.059998,469.059998,17882100
1263,473.700012,498.489990,468.230011,492.140015,492.140015,31144300
1264,497.100006,498.799988,472.869995,481.339996,481.339996,28440400
1265,481.790009,484.940002,473.700012,478.149994,478.149994,12959500
1266,493.500000,525.630005,492.000000,524.859985,524.859985,26517600
1267,544.260010,547.409973,524.900024,537.919983,537.919983,28996200
1268,529.760010,537.840027,516.789978,518.500000,518.500000,17368800
1269,493.750000,514.460022,492.170013,513.489990,513.489990,21736700
1270,507.609985,515.669983,503.160004,510.500000,510.500000,13629100
1271,530.250000,548.580017,528.409973,547.200012,547.200012,17803500
1272,571.890015,594.500000,559.099976,569.559998,569.559998,31369000
1273,564.250000,582.000000,555.599976,572.200012,572.200012,19651000
1274,570.630005,573.859985,554.260010,564.820007,564.820007,14353600
1275,541.989990,564.440002,539.280029,558.020020,558.020020,13608100
1276,568.489990,576.809998,558.080017,566.900024,566.900024,11788500
1277,575.690002,589.799988,567.429993,580.989990,580.989990,17801500
1278,632.419983,650.880005,618.000000,640.809998,640.809998,29005700
1279,640.000000,653.000000,632.520020,650.570007,650.570007,15719300
1280,673.690002,786.140015,673.520020,780.000000,780.000000,47233500
1281,882.960022,968.989990,833.880005,887.059998,887.059998,60938800
1282,823.260010,845.979980,704.109985,734.700012,734.700012,48423800
1283,699.919983,795.830017,687.000000,748.960022,748.960022,39880800
1284,730.549988,769.750000,730.000000,748.070007,748.070007,17063500
1285,800.000000,819.989990,752.400024,771.280029,771.280029,24689200
1286,768.789978,783.510010,758.000000,774.380005,774.380005,11697500
1287,777.869995,789.750000,763.369995,767.289978,767.289978,12022500
1288,741.840027,818.000000,735.000000,804.000000,804.000000,26289300
1289,787.219971,812.969971,785.500000,800.030029,800.030029,15693700
1290,841.599976,860.000000,832.359985,858.400024,858.400024,16381700
1291,923.500000,944.780029,901.020020,917.419983,917.419983,25423000
1292,911.950012,912.000000,859.940002,899.409973,899.409973,17634900
1293,906.979980,913.059998,880.450012,901.000000,901.000000,14314800
1294,839.000000,863.500000,822.200012,833.789978,833.789978,15192200
1295,849.000000,856.599976,787.000000,799.909973,799.909973,17290500
1296,782.500000,813.309998,776.109985,778.799988,778.799988,14085500
1297,730.000000,739.770020,669.000000,679.000000,679.000000,24277200
1298,629.700012,690.520020,611.520020,667.989990,667.989990,24564200
1299,711.260010,743.690002,686.669983,743.619995,743.619995,20195000
1300,805.000000,806.979980,716.109985,745.510010,745.510010,25784000
1301,763.960022,766.520020,724.729980,749.500000,749.500000,15049000
1302,723.770020,745.750000,718.070007,724.539978,724.539978,10852700
1303,690.000000,707.000000,684.270020,703.479980,703.479980,12662900
1304,605.390015,663.000000,605.000000,608.000000,608.000000,17073700
1305,659.429993,668.000000,608.000000,645.330017,645.330017,15594400
1306,640.200012,653.580017,613.000000,634.229980,634.229980,13322500
1307,580.890015,594.500000,546.250000,560.549988,560.549988,18909100
1308,595.000000,607.570007,502.000000,546.619995,546.619995,22640300
1309,469.500000,494.869995,442.170013,445.070007,445.070007,20489500
1310,440.010010,471.850006,396.000000,430.200012,430.200012,23994600
1311,389.000000,404.859985,350.510010,361.220001,361.220001,23786200
1312,374.700012,452.000000,358.459991,427.640015,427.640015,30195500
1313,438.200012,477.000000,425.790009,427.529999,427.529999,28247200
